{
  "basics": {
    "desc" : "Estudante na universidade de Aveiro no curso de TI",
    "idade": "20",
     "name": "José Silva",
    "label": "Programador",
    "email": "jose.pedro.silva@ua.pt",
    "numero": "917744561"
  },
  "work": [{
  }],
  "education": [{
    "institution": "Universidade de Aveiro",
    "area": "Tecnologias da Informação",
    "studyType": "Licenciatura",
    "startDate": "2019",
    "endDate": "2022"
  },
  {
    "institution": "Jaime Magalhaes Lima",
    "area": "Ciencias e Tecnologia",
    "studyType": "Secundario",
    "startDate": "2016",
    "endDate": "2019"
  }
],

  "skills": [{
    "name":"Web Development",
    "tipo":"tecnica"
  },{
    "name":"Redes de computadores",
    "tipo":"tecnica"
  },{
    "name":"Trabalho em equipa",
    "tipo":"softskill"
  },{
    "name": "Adaptabilidade",
    "tipo": "softskill"
  }
  ],
  "languages": [
    "English",
    "Portuguese"
  ],

  "projetos":[{
    "name":"DoThings",
    "desc":"Aplicação de gestão de tarefas, eventos e timeline",
    "imgUrl": "https://i.imgur.com/iutIchY.png"

  },{
    "name":"Arduino Pong Game",
    "desc":"Pong Game multijogador utilizando arduino",
    "imgUrl":"https://i.imgur.com/sMbgLz8.png"
  },{
    "name" : "SuperBob",
    "desc":"Jogo de Plataforma 2D",
    "imgUrl":"https://i.imgur.com/xLWYXld.png"
  },
  {
    "name":"Account Manager",
    "desc":" Gestor de contas em python com tkinter",
    "imgUrl":"https://i.imgur.com/F7iM7GH.png"
  }
    
  ]
}
